{
  "random_forest": {
    "accuracy": 1.0,
    "precision_weighted": 1.0,
    "precision_macro": 1.0,
    "precision_micro": 1.0,
    "recall_weighted": 1.0,
    "recall_macro": 1.0,
    "recall_micro": 1.0,
    "f1_weighted": 1.0,
    "f1_macro": 1.0,
    "f1_micro": 1.0,
    "sensitivity": 1.0,
    "specificity": 1.0,
    "false_positive_rate": 0.0,
    "false_negative_rate": 0.0,
    "tp": "1650",
    "tn": "1350",
    "fp": "0",
    "fn": "0",
    "auc_roc": 1.0,
    "cv_accuracy_mean": 1.0,
    "cv_accuracy_std": 0.0,
    "cv_f1_mean": 1.0,
    "cv_f1_std": 0.0,
    "feature_importance": "{'f_max_pkt_size': 0.048208083741575376, 'f_syn_ack_ratio': 0.03782412702874502, 'e_mmap_count': 0.036282057957281386, 'f_dst_port_entropy': 0.03497650392500927, 'e_socket_count': 0.03300576239343653, 'e_execve_count': 0.031388702192460614, 'e_connect_count': 0.02639281910070093, 'e_sendto_count': 0.025392850920303474, 'e_write_count': 0.025260353330797344, 'f_small_pkt_ratio': 0.024880499800310964, 'f_iat_std': 0.024781549833591404, 'f_src_ip_entropy': 0.02403879294056279, 'e_net_ratio': 0.023963190239470494, 'e_file_ratio': 0.023138431570157728, 'f_fin_rst_ratio': 0.02298652817281306, 'f_fin_count': 0.02107098372907449, 'e_read_count': 0.02106543129900505, 'f_pkt_count': 0.021011634389774828, 'e_chmod_count': 0.020290068222411303, 'e_recvfrom_count': 0.020039498566213895}"
  },
  "xgboost": {
    "accuracy": 1.0,
    "precision_weighted": 1.0,
    "precision_macro": 1.0,
    "precision_micro": 1.0,
    "recall_weighted": 1.0,
    "recall_macro": 1.0,
    "recall_micro": 1.0,
    "f1_weighted": 1.0,
    "f1_macro": 1.0,
    "f1_micro": 1.0,
    "sensitivity": 1.0,
    "specificity": 1.0,
    "false_positive_rate": 0.0,
    "false_negative_rate": 0.0,
    "tp": "1650",
    "tn": "1350",
    "fp": "0",
    "fn": "0",
    "auc_roc": 1.0,
    "cv_accuracy_mean": 1.0,
    "cv_accuracy_std": 0.0,
    "cv_f1_mean": 1.0,
    "cv_f1_std": 0.0
  },
  "svm": {
    "accuracy": 1.0,
    "precision_weighted": 1.0,
    "precision_macro": 1.0,
    "precision_micro": 1.0,
    "recall_weighted": 1.0,
    "recall_macro": 1.0,
    "recall_micro": 1.0,
    "f1_weighted": 1.0,
    "f1_macro": 1.0,
    "f1_micro": 1.0,
    "sensitivity": 1.0,
    "specificity": 1.0,
    "false_positive_rate": 0.0,
    "false_negative_rate": 0.0,
    "tp": "1650",
    "tn": "1350",
    "fp": "0",
    "fn": "0",
    "auc_roc": 1.0
  },
  "isolation_forest": {
    "accuracy": 0.9776666666666667,
    "precision": 0.9609784507862551,
    "recall": 1.0,
    "f1": 0.9801009801009801,
    "sensitivity": 1.0
  },
  "onnx_exported": true,
  "best_model": "RF",
  "best_f1": 1.0,
  "feature_names": [
    "f_pkt_count",
    "f_byte_count",
    "f_syn_count",
    "f_ack_count",
    "f_fin_count",
    "f_rst_count",
    "f_psh_count",
    "f_urg_count",
    "f_udp_count",
    "f_icmp_count",
    "f_tcp_count",
    "f_unique_src_ips",
    "f_unique_dst_ports",
    "f_pkt_rate",
    "f_byte_rate",
    "f_syn_rate",
    "f_avg_pkt_size",
    "f_max_pkt_size",
    "f_min_pkt_size",
    "f_large_pkt_ratio",
    "f_small_pkt_ratio",
    "f_tcp_udp_ratio",
    "f_syn_ack_ratio",
    "f_fin_rst_ratio",
    "f_icmp_ratio",
    "f_dst_port_entropy",
    "f_src_ip_entropy",
    "f_payload_entropy",
    "f_iat_mean",
    "f_iat_std",
    "f_iat_min",
    "f_iat_max",
    "f_flow_duration",
    "f_flow_bytes_s",
    "f_flow_pkts_s",
    "e_syscall_rate",
    "e_execve_count",
    "e_connect_count",
    "e_accept_count",
    "e_read_count",
    "e_write_count",
    "e_open_count",
    "e_close_count",
    "e_fork_count",
    "e_kill_count",
    "e_ptrace_count",
    "e_mmap_count",
    "e_socket_count",
    "e_bind_count",
    "e_listen_count",
    "e_sendto_count",
    "e_recvfrom_count",
    "e_ioctl_count",
    "e_prctl_count",
    "e_clone_count",
    "e_unlink_count",
    "e_chmod_count",
    "e_chown_count",
    "e_setuid_count",
    "e_net_ratio",
    "e_file_ratio",
    "e_proc_ratio",
    "e_dangerous_count",
    "e_syscall_entropy"
  ],
  "attack_classes": [
    "Botnet",
    "Brute Force",
    "DoS / DDoS",
    "Heartbleed",
    "Normal",
    "Port Scan"
  ],
  "n_train_samples": 12000,
  "n_test_samples": 3000,
  "trained_at": "2026-03-05 19:18:13",
  "training_time_s": 19.0
}